Workbook

Sheet 使い方
A1: 委託先・保守業者管理台帳 — 使い方
A3: 様式名 | B3: 委託先・保守業者管理台帳
A4: ファイル名 | B4: vendor-register-v1.0.xlsx
A5: 版 | B5: v1.0
A6: 作成 | B6: 2026-09
A7: 作成者 | B7: MediKoto（メディコト） 医療・介護DXデイリー「現場の様式」
A8: 対象 | B8: 情報システム担当・総務（契約を管理する部署）
A9: 使う場面 | B9: 年 1 回の棚卸し（契約・リモート保守・アカウントの見直し）と、契約更新・新規契約のとき
A10: 根拠資料 | B10: ・厚生労働省「医療情報システムの安全管理に関するガイドライン 第7.0版」企画管理編（外部委託・契約で確認する事項） ・同 システム運用編（保守用アカウント・リモートメンテナンス・ログの管理） ・厚生労働省「医療機関等におけるサイバーセキュリティ対策チェックリスト（令和8年度版）」（事業者との契約・リモート接続の項目）
A12: 使い方
A13: 1 | B13: このファイルは一般的なひな形です。自施設の体制・規程・契約に合わせて項目名・担当・文言を書き換えて使ってください（行の追加・削除は自由です）。
A14: 2 | B14: 薄い黄色のセルが入力欄です。右の見本と同じ色のセルに記入します。
A15: 入力欄の見本 | B15: ← この色のセルに入力します（薄い黄色 FFF9E0）
A16: 3 | B16: 薄い緑のセルは自動計算（数式）です。通常は編集不要です。
A17: 4 | B17: 「（例）」と書かれたグレー文字の行は記入例です。実際に使うときは削除するか、上書きしてください。
A18: 5 | B18: 各シートは A4 で 1 ページ幅に収まるよう印刷設定済みです（見出し行は各ページに繰り返し印刷されます）。
A19: 6 | B19: 個人情報や連絡先を記入したファイルの保管・共有・廃棄は、自施設の情報管理規程に従ってください。
A20: 7 | B20: 「台帳」の行を 20 行より増やす場合は、表の途中に行を挿入してください（集計は 204 行目まで拾います）。「棚卸しチェック」の行も同じ行数だけコピーして増やしてください。
A21: 8 | B21: 「棚卸しチェック」の残日数・件数は開いた日（TODAY 関数）を基準に計算します。印刷した紙には印刷日を書き添えてください。
A22: 9 | B22: 契約書の原本は台帳に添付せず、保管場所（キャビネット番号・共有フォルダのパス）を記入します。
A24: シート構成
A25: 台帳 | B25: 業者ごとに 1 行。契約期間・リモート保守の有無と接続方式・保守用アカウントの管理方法・再委託・緊急連絡先を記録する（記入例 1 行＋入力枠 20 行）。
A26: 棚卸しチェック | B26: 台帳の各行について年 1 回確認する 7 項目（契約書・接続経路・アカウント・ログ・再委託・連絡先の疎通・SBOM/脆弱性情報）。上部に登録業者数・リモート保守あり件数・90 日以内に契約終了を迎える件数を自動集計。
A27: 版と根拠 | B27: 版の履歴と根拠資料。
A29: ご注意
A30: 免責 | B30: 本様式は公開資料をもとに作成した参考例であり、法令・ガイドライン・公募要領の解釈を保証するものではありません。最新の一次資料（厚生労働省・各省庁・都道府県・事務局の公表資料）を必ず確認し、自施設の責任でご利用ください。

Sheet 台帳
A1: 委託先・保守業者管理台帳
A2: ※ 業者ごとに 1 行。日付は yyyy/mm/dd で入力。プルダウンのある列は選択（自由入力も可）。契約書原本の所在・リモート接続の経路・保守用アカウントの管理方法は、ガイドライン第7.0版で確認が求められる事項。
A3: No | B3: 業者名 | C3: 対象システム・機器 | D3: 契約種別 | E3: 契約開始 | F3: 契約終了 | G3: 自動更新の有無 | H3: 契約書の保管場所 | I3: リモート保守の有無 | J3: 接続方式 | K3: 保守用アカウントの管理方法 | L3: 守秘義務・個人情報の取扱契約 | M3: 再委託の有無・承諾 | N3: 責任者（業者側） | O3: 緊急連絡先（電話） | P3: 緊急連絡先（メール） | Q3: 年次確認日 | R3: 確認者 | S3: 備考
A4: 例 | B4: （例）〇〇システム株式会社 | C4: 電子カルテ（サーバ・端末 100 台） | D4: 保守 | E4: 45383 | F4: 46477 | G4: あり | H4: 事務室 契約書庫 A-3（PDF：共有\契約\2024） | I4: あり | J4: VPN（保守専用） | K4: 業者ごとに専用 ID。作業申請制、作業ログを月次で確認、退職者 ID は即時削除 | L4: あり | M4: あり（承諾済） | N4: 保守部 〇〇 | O4: 000-0000-0000 | P4: support@example.com | Q4: 46188 | R4: 情報管理室 〇〇 | S4: 24 時間 365 日対応。次回更新は 2027/1 に見積依頼
A5: 1
A6: 2
A7: 3
A8: 4
A9: 5
A10: 6
A11: 7
A12: 8
A13: 9
A14: 10
A15: 11
A16: 12
... A24: 20

Sheet 棚卸しチェック
A1: 委託先・保守業者 年次棚卸しチェック
A2: ※ 台帳の各行について年 1 回確認する。○＝確認済み ×＝不備あり（備考に是正事項と期限を書く） －＝該当なし。業者名・契約終了は「台帳」から自動で表示される。
A3: 集計（開いた日を基準に自動計算）
A4: 登録業者数（台帳の業者名の入力数） | D4: =COUNTA(台帳!$B$5:$B$204) -> 0 | F4: 棚卸し実施日
A5: リモート保守あり件数 | D5: =COUNTIF(台帳!$I$5:$I$204,"あり") -> 0 | F5: 実施責任者
A6: 90 日以内に契約終了を迎える件数（終了済みを含む） | D6: =COUNTIF(台帳!$F$5:$F$204,"<="&TODAY()+90) -> 0 | F6: 要是正 件数 | I6: =COUNTIF(L12:L211,"要是正") -> 0
A7: うち契約終了日を過ぎている件数（要確認） | D7: =COUNTIF(台帳!$F$5:$F$204,"<"&TODAY()) -> 0 | F7: 完了 件数 | I7: =COUNTIF(L12:L211,"完了") -> 0
A8: 自動更新あり件数 | D8: =COUNTIF(台帳!$G$5:$G$204,"あり") -> 0 | F8: 確認中 件数 | I8: =COUNTIF(L12:L211,"確認中") -> 0
A10: No | B10: 業者名（台帳から） | C10: 契約終了（台帳から） | D10: 残日数 | E10: ① 契約書の有無（原本・保管場所を確認） | F10: ② リモート保守の接続経路を把握（VPN 機器・経路図） | G10: ③ 保守用アカウントの棚卸し（不要 ID の削除・パスワード変更） | H10: ④ 保守作業ログの保管を確認 | I10: ⑤ 再委託の有無を把握（承諾書） | J10: ⑥ 緊急連絡先の疎通確認（電話・メール） | K10: ⑦ SBOM・脆弱性情報の提供有無 | L10: 判定 | M10: 確認日 | N10: 確認者 | O10: 備考・是正事項（期限・担当）
A11: =台帳!A4 -> 例 | B11: =IF(台帳!B4="","",台帳!B4) -> （例）〇〇システム株式会社 | C11: =IF(台帳!F4="","",台帳!F4) -> 46477 | D11: =IF(台帳!F4="","",台帳!F4-TODAY()) -> 185 | E11: ○ | F11: ○ | G11: ○ | H11: ○ | I11: ○ | J11: × | K11: － | L11: =IF(B11="","",IF(COUNTIF(E11:K11,"×")>0,"要是正",IF(COUNTA(E11:K11)=7,"完了","確認中"))) -> 要是正 | M11: 46188 | N11: 情報管理室 〇〇 | O11: ⑥ 夜間窓口の番号が不通。業者へ確認し 7/15 までに台帳を更新（担当：〇〇）
A12: =台帳!A5 -> 1 | B12: =IF(台帳!B5="","",台帳!B5) | C12: =IF(台帳!F5="","",台帳!F5) | D12: =IF(台帳!F5="","",台帳!F5-TODAY()) | L12: =IF(B12="","",IF(COUNTIF(E12:K12,"×")>0,"要是正",IF(COUNTA(E12:K12)=7,"完了","確認中")))
A13: =台帳!A6 -> 2 | B13: =IF(台帳!B6="","",台帳!B6) | C13: =IF(台帳!F6="","",台帳!F6) | D13: =IF(台帳!F6="","",台帳!F6-TODAY()) | L13: =IF(B13="","",IF(COUNTIF(E13:K13,"×")>0,"要是正",IF(COUNTA(E13:K13)=7,"完了","確認中")))
A14: =台帳!A7 -> 3 | B14: =IF(台帳!B7="","",台帳!B7) | C14: =IF(台帳!F7="","",台帳!F7) | D14: =IF(台帳!F7="","",台帳!F7-TODAY()) | L14: =IF(B14="","",IF(COUNTIF(E14:K14,"×")>0,"要是正",IF(COUNTA(E14:K14)=7,"完了","確認中")))
A15: =台帳!A8 -> 4 | B15: =IF(台帳!B8="","",台帳!B8) | C15: =IF(台帳!F8="","",台帳!F8) | D15: =IF(台帳!F8="","",台帳!F8-TODAY()) | L15: =IF(B15="","",IF(COUNTIF(E15:K15,"×")>0,"要是正",IF(COUNTA(E15:K15)=7,"完了","確認中")))
A16: =台帳!A9 -> 5 | B16: =IF(台帳!B9="","",台帳!B9) | C16: =IF(台帳!F9="","",台帳!F9) | D16: =IF(台帳!F9="","",台帳!F9-TODAY()) | L16: =IF(B16="","",IF(COUNTIF(E16:K16,"×")>0,"要是正",IF(COUNTA(E16:K16)=7,"完了","確認中")))
A17: =台帳!A10 -> 6 | B17: =IF(台帳!B10="","",台帳!B10) | C17: =IF(台帳!F10="","",台帳!F10) | D17: =IF(台帳!F10="","",台帳!F10-TODAY()) | L17: =IF(B17="","",IF(COUNTIF(E17:K17,"×")>0,"要是正",IF(COUNTA(E17:K17)=7,"完了","確認中")))
A18: =台帳!A11 -> 7 | B18: =IF(台帳!B11="","",台帳!B11) | C18: =IF(台帳!F11="","",台帳!F11) | D18: =IF(台帳!F11="","",台帳!F11-TODAY()) | L18: =IF(B18="","",IF(COUNTIF(E18:K18,"×")>0,"要是正",IF(COUNTA(E18:K18)=7,"完了","確認中")))
A19: =台帳!A12 -> 8 | B19: =IF(台帳!B12="","",台帳!B12) | C19: =IF(台帳!F12="","",台帳!F12) | D19: =IF(台帳!F12="","",台帳!F12-TODAY()) | L19: =IF(B19="","",IF(COUNTIF(E19:K19,"×")>0,"要是正",IF(COUNTA(E19:K19)=7,"完了","確認中")))
A20: =台帳!A13 -> 9 | B20: =IF(台帳!B13="","",台帳!B13) | C20: =IF(台帳!F13="","",台帳!F13) | D20: =IF(台帳!F13="","",台帳!F13-TODAY()) | L20: =IF(B20="","",IF(COUNTIF(E20:K20,"×")>0,"要是正",IF(COUNTA(E20:K20)=7,"完了","確認中")))
A21: =台帳!A14 -> 10 | B21: =IF(台帳!B14="","",台帳!B14) | C21: =IF(台帳!F14="","",台帳!F14) | D21: =IF(台帳!F14="","",台帳!F14-TODAY()) | L21: =IF(B21="","",IF(COUNTIF(E21:K21,"×")>0,"要是正",IF(COUNTA(E21:K21)=7,"完了","確認中")))
A22: =台帳!A15 -> 11 | B22: =IF(台帳!B15="","",台帳!B15) | C22: =IF(台帳!F15="","",台帳!F15) | D22: =IF(台帳!F15="","",台帳!F15-TODAY()) | L22: =IF(B22="","",IF(COUNTIF(E22:K22,"×")>0,"要是正",IF(COUNTA(E22:K22)=7,"完了","確認中")))
A23: =台帳!A16 -> 12 | B23: =IF(台帳!B16="","",台帳!B16) | C23: =IF(台帳!F16="","",台帳!F16) | D23: =IF(台帳!F16="","",台帳!F16-TODAY()) | L23: =IF(B23="","",IF(COUNTIF(E23:K23,"×")>0,"要是正",IF(COUNTA(E23:K23)=7,"完了","確認中")))
... A31: =台帳!A24 -> 20 | B31: =IF(台帳!B24="","",台帳!B24) | C31: =IF(台帳!F24="","",台帳!F24) | D31: =IF(台帳!F24="","",台帳!F24-TODAY()) | L31: =IF(B31="","",IF(COUNTIF(E31:K31,"×")>0,"要是正",IF(COUNTA(E31:K31)=7,"完了","確認中")))
A33: 凡例：○＝確認済み ×＝不備あり －＝該当なし。判定は「×が 1 つでもあれば要是正」「7 項目すべて記入で完了」「それ以外は確認中」。残日数がマイナスの行は契約終了日を過ぎている（更新手続き・台帳の更新を確認）。

Sheet 版と根拠
A1: 版と根拠
A3: 版の履歴
A4: No | B4: 版 | C4: 日付 | D4: 変更点
A5: 1 | B5: v1.0 | C5: 2026-09 | D5: 初版（MediKoto「現場の様式」）
A10: 根拠資料（最新版は発行元サイトで確認してください）
A11: No | B11: 名称 | C11: 発行元 | D11: URL・備考
A12: 1 | B12: 医療情報システムの安全管理に関するガイドライン 第7.0版 企画管理編（外部委託・契約、リスク評価） | C12: 厚生労働省 | D12: 「医療機関等におけるサイバーセキュリティ対策」ページからリンク
A13: 2 | B13: 医療情報システムの安全管理に関するガイドライン 第7.0版 システム運用編（保守用アカウント・リモートメンテナンス・ログ） | C13: 厚生労働省 | D13: 同上
A14: 3 | B14: 医療機関等におけるサイバーセキュリティ対策チェックリスト（令和8年度版） | C14: 厚生労働省 医政局 | D14: https://www.mhlw.go.jp/stf/seisakunitsuite/bunya/kenkou_iryou/iryou/johoka/cyber-security.html
A15: 4 | B15: 医療情報を取り扱う情報システム・サービスの提供事業者における安全管理ガイドライン（事業者側の対応事項） | C15: 総務省・経済産業省 | D15: 最新版は発行元サイトで確認
A16: 5 | B16: ソフトウェア管理に向けた SBOM（ソフトウェア部品構成表）導入の手引 | C16: 経済産業省 | D16: 最新版は発行元サイトで確認
A18: 補足
A19: ・棚卸しの 7 項目は、ガイドライン第7.0版で医療機関側が把握・確認すべき事項から実務上よく問題になるものを選んだものです。自施設の契約内容に合わせて増減してください。 ・集計の「90 日以内」は目安です。契約更新の見積・稟議に要する期間に合わせて、数式の 90 を変更してください。
